epoch,step,train_loss,valid_acc,valid_loss
0,49,2.5652058124542236,,
0,80,,0.07657352834939957,2.5650012493133545
