epoch,lr,step,time,train_acc,train_loss,valid_acc,valid_loss
0,,49,,,2.5655808448791504,,
0,,99,,,2.5647647380828857,,
0,,149,,,2.5169739723205566,,
0,,180,,,,0.07682894170284271,2.5650951862335205
0,0.0010000000474974513,180,16.799957275390625,0.07909282296895981,,,
1,,199,,,2.565142869949341,,
