epoch,lr,step,time,train_acc,train_loss,valid_acc,valid_loss
0,,49,,,nan,,
0,,99,,,nan,,
0,,149,,,nan,,
0,,199,,,nan,,
0,,213,,,,0.07642724364995956,nan
0,4.999999873689376e-05,213,15.509821891784668,0.07754729688167572,,,
