epoch,lr,step,time,train_acc,train_loss,valid_acc,valid_loss
0,,49,,,nan,,
0,,99,,,nan,,
0,,149,,,nan,,
0,,190,,,,0.07726580649614334,nan
0,0.0010000000474974513,190,18.990131378173828,0.07685470581054688,,,
