epoch,step,train_loss,valid_acc,valid_loss
0,49,2.565098285675049,,
0,80,,0.07636698335409164,2.5650181770324707
