epoch,lr,step,time,train_acc,train_loss,valid_acc,valid_loss
0,,49,,,nan,,
0,,99,,,nan,,
0,,149,,,nan,,
0,,180,,,,0.07901498675346375,nan
0,0.0010000000474974513,180,18.579343795776367,0.07680366933345795,,,
