epoch,step,train_loss,valid_acc,valid_loss
100,16949,0.8278846144676208,,
100,16999,0.8447949290275574,,
100,17049,0.861831784248352,,
100,17068,,0.6631256937980652,0.8256787657737732
