epoch,lr,step,time,train_acc,train_loss,valid_acc,valid_loss
0,,49,,,nan,,
0,,99,,,nan,,
0,,149,,,nan,,
0,,190,,,,0.07625097036361694,nan
0,0.0010000000474974513,190,17.014759063720703,0.07700241357088089,,,
