epoch,lr,step,time,train_acc,train_loss,valid_acc,valid_loss
0,,49,,,nan,,
0,,99,,,nan,,
0,,149,,,nan,,
0,,180,,,,0.07695845514535904,nan
0,0.0010000000474974513,180,17.48488998413086,0.07681316137313843,,,
