epoch,step,train_loss,valid_acc,valid_loss
100,16949,0.8339821100234985,,
100,16999,0.8333207964897156,,
100,17049,0.8424504995346069,,
100,17068,,0.6622396111488342,0.8357741832733154
