epoch,step,valid_acc,valid_loss
4000,168041,0.8748130798339844,0.3501918911933899
