epoch,lr,step,time,train_acc,train_loss,valid_acc,valid_loss
0,,49,,,nan,,
0,,99,,,nan,,
0,,149,,,nan,,
0,,199,,,nan,,
0,,213,,,,0.07669086754322052,nan
0,4.999999873689376e-05,213,18.305368423461914,0.0770760104060173,,,
