epoch,step,train_loss
0,49,5.155832290649414
0,99,5.155432224273682
