epoch,step,train_loss,valid_acc,valid_loss
0,49,2.564835548400879,,
0,80,,0.07663583010435104,2.5649781227111816
