epoch,lr,step,time,train_acc,train_loss,valid_acc,valid_loss
0,,49,,,5.150518894195557,,
0,,99,,,5.111967086791992,,
0,,128,,,,0.07685747742652893,nan
0,4.999999873689376e-05,128,11.798696517944336,0.0770476758480072,,,
